[{"pos_x": 11.61, "pos_y": -9.07, "rotation": 0.0, "side": "top", "designator": "P1", "mpn": null, "pack": "Socket_Strip_Arduino_1x12", "value": "Digital", "mount_type": "tht", "place": true}, {"pos_x": 9.07, "pos_y": -7.8, "rotation": 90.0, "side": "top", "designator": "P2", "mpn": null, "pack": "Socket_Strip_Arduino_1x06", "value": "COM", "mount_type": "tht", "place": true}, {"pos_x": 20.5, "pos_y": 3.63, "rotation": 0.0, "side": "top", "designator": "P3", "mpn": null, "pack": "Socket_Strip_Arduino_1x02", "value": "ADC", "mount_type": "tht", "place": true}, {"pos_x": 11.61, "pos_y": 6.17, "rotation": 0.0, "side": "top", "designator": "P4", "mpn": null, "pack": "Socket_Strip_Arduino_1x12", "value": "Analog", "mount_type": "tht", "place": true}, {"pos_x": 39.55, "pos_y": 3.63, "rotation": -90.0, "side": "top", "designator": "P5", "mpn": null, "pack": "Socket_Strip_Arduino_1x02", "value": "ADC", "mount_type": "tht", "place": true}, {"pos_x": 29.464, "pos_y": 69.8285, "rotation": 90.0, "side": "top", "designator": "C1", "mpn": null, "pack": "C_0805_2012Metric_Pad1.18x1.45mm_HandSolder", "value": "4700p", "mount_type": "smt", "place": true}, {"pos_x": 55.626, "pos_y": 40.6615, "rotation": 90.0, "side": "top", "designator": "C19", "mpn": null, "pack": "C_0805_2012Metric_Pad1.18x1.45mm_HandSolder", "value": "0.1u", "mount_type": "smt", "place": true}, {"pos_x": 30.48, "pos_y": 65.278, "rotation": 180.0, "side": "top", "designator": "R13", "mpn": null, "pack": "R_0805_2012Metric_Pad1.20x1.40mm_HandSolder", "value": "160", "mount_type": "smt", "place": true}, {"pos_x": 34.544, "pos_y": 60.4305, "rotation": 90.0, "side": "top", "designator": "C11", "mpn": null, "pack": "C_0805_2012Metric_Pad1.18x1.45mm_HandSolder", "value": "4700p", "mount_type": "smt", "place": true}, {"pos_x": 32.512, "pos_y": 33.02, "rotation": 0.0, "side": "top", "designator": "C2", "mpn": null, "pack": "C_0805_2012Metric_Pad1.18x1.45mm_HandSolder", "value": "0.1u", "mount_type": "smt", "place": true}, {"pos_x": 3.81, "pos_y": 4.588, "rotation": -90.0, "side": "top", "designator": "R7", "mpn": null, "pack": "R_0805_2012Metric_Pad1.20x1.40mm_HandSolder", "value": "10k", "mount_type": "smt", "place": true}, {"pos_x": 39.481, "pos_y": 29.464, "rotation": 0.0, "side": "top", "designator": "R4", "mpn": null, "pack": "R_0805_2012Metric_Pad1.20x1.40mm_HandSolder", "value": "1k", "mount_type": "smt", "place": true}, {"pos_x": 10.922, "pos_y": 64.05, "rotation": 180.0, "side": "top", "designator": "J5", "mpn": null, "pack": "BarrelJack_Wuerth_6941xx301002", "value": "DC12 IN", "mount_type": "tht", "place": true}, {"pos_x": 12.1705, "pos_y": 48.514, "rotation": 180.0, "side": "top", "designator": "C21", "mpn": null, "pack": "C_0805_2012Metric_Pad1.18x1.45mm_HandSolder", "value": "0.1u", "mount_type": "smt", "place": true}, {"pos_x": 49.8845, "pos_y": 7.112, "rotation": 180.0, "side": "top", "designator": "C17", "mpn": null, "pack": "C_0603_1608Metric_Pad1.08x0.95mm_HandSolder", "value": "0.22u", "mount_type": "smt", "place": true}, {"pos_x": 39.55, "pos_y": -1.45, "rotation": 90.0, "side": "top", "designator": "P6", "mpn": null, "pack": "Pin_D1.1mm_L8.5mm_W2.5mm_FlatFork", "value": "GND", "mount_type": "tht", "place": true}, {"pos_x": 32.7445, "pos_y": 45.974, "rotation": 0.0, "side": "top", "designator": "C7", "mpn": null, "pack": "C_0805_2012Metric_Pad1.18x1.45mm_HandSolder", "value": "0.1u", "mount_type": "smt", "place": true}, {"pos_x": 39.609, "pos_y": 11.684, "rotation": -90.0, "side": "top", "designator": "J2", "mpn": null, "pack": "PinHeader_1x03_P2.54mm_Vertical", "value": "0(RX) select", "mount_type": "tht", "place": true}, {"pos_x": 1.524, "pos_y": 56.134, "rotation": 90.0, "side": "top", "designator": "D3", "mpn": null, "pack": "D_SMC-RM10_Universal_Handsoldering", "value": "1N4001", "mount_type": "tht", "place": true}, {"pos_x": 56.642, "pos_y": 33.782, "rotation": 0.0, "side": "top", "designator": "J4", "mpn": null, "pack": "PinHeader_1x11_P2.54mm_Vertical", "value": "PANEL/MAIN", "mount_type": "tht", "place": true}, {"pos_x": 20.1309, "pos_y": 65.532, "rotation": 0.0, "side": "top", "designator": "C6", "mpn": null, "pack": "CP_Radial_D5.0mm_P2.50mm", "value": "100u", "mount_type": "tht", "place": true}, {"pos_x": 14.859, "pos_y": -0.508, "rotation": 90.0, "side": "top", "designator": "C9", "mpn": null, "pack": "C_0805_2012Metric_Pad1.18x1.45mm_HandSolder", "value": "0.1u", "mount_type": "smt", "place": true}, {"pos_x": 25.39, "pos_y": 15.25, "rotation": 180.0, "side": "top", "designator": "U1", "mpn": null, "pack": "DIP-28_W7.62mm", "value": "ATmega328P-PU", "mount_type": "tht", "place": true}, {"pos_x": 39.4595, "pos_y": 43.688, "rotation": 0.0, "side": "top", "designator": "C10", "mpn": null, "pack": "C_0805_2012Metric_Pad1.18x1.45mm_HandSolder", "value": "0.1u", "mount_type": "smt", "place": true}, {"pos_x": 37.0625, "pos_y": 52.07, "rotation": 180.0, "side": "top", "designator": "C20", "mpn": null, "pack": "C_0805_2012Metric_Pad1.18x1.45mm_HandSolder", "value": "0.1u", "mount_type": "smt", "place": true}, {"pos_x": 36.322, "pos_y": 65.024, "rotation": 0.0, "side": "top", "designator": "R12", "mpn": null, "pack": "R_0805_2012Metric_Pad1.20x1.40mm_HandSolder", "value": "33", "mount_type": "smt", "place": true}, {"pos_x": 32.75, "pos_y": 27.94, "rotation": 180.0, "side": "top", "designator": "R8", "mpn": null, "pack": "R_0805_2012Metric_Pad1.20x1.40mm_HandSolder", "value": "10k", "mount_type": "smt", "place": true}, {"pos_x": 50.038, "pos_y": 64.77, "rotation": 90.0, "side": "top", "designator": "C15", "mpn": null, "pack": "C_0603_1608Metric_Pad1.08x0.95mm_HandSolder", "value": "3p", "mount_type": "smt", "place": true}, {"pos_x": 32.766, "pos_y": 40.894, "rotation": 0.0, "side": "top", "designator": "R10", "mpn": null, "pack": "R_0805_2012Metric_Pad1.20x1.40mm_HandSolder", "value": "10k", "mount_type": "smt", "place": true}, {"pos_x": 34.798, "pos_y": 69.866, "rotation": -90.0, "side": "top", "designator": "R11", "mpn": null, "pack": "R_0805_2012Metric_Pad1.20x1.40mm_HandSolder", "value": "160", "mount_type": "smt", "place": true}, {"pos_x": 35.6, "pos_y": 55.3, "rotation": 90.0, "side": "top", "designator": "J3", "mpn": null, "pack": "PinHeader_1x07_P2.54mm_Vertical", "value": "Si5351a", "mount_type": "tht", "place": true}, {"pos_x": 1.84, "pos_y": -15.7, "rotation": 0.0, "side": "top", "designator": "H4", "mpn": null, "pack": "MountingHole_3.2mm_M3", "value": "MH", "mount_type": "tht", "place": true}, {"pos_x": 4.318, "pos_y": 9.906, "rotation": 0.0, "side": "top", "designator": "Q1", "mpn": null, "pack": "TO-92_HandSolder", "value": "2SC1815", "mount_type": "tht", "place": true}, {"pos_x": 45.466, "pos_y": 64.77, "rotation": 90.0, "side": "top", "designator": "C13", "mpn": null, "pack": "C_0603_1608Metric_Pad1.08x0.95mm_HandSolder", "value": "3p", "mount_type": "smt", "place": true}, {"pos_x": 24.076, "pos_y": 58.42, "rotation": 0.0, "side": "top", "designator": "Y1", "mpn": null, "pack": "Crystal_HC49-U-3Pin_Vertical", "value": "16MHz", "mount_type": "tht", "place": true}, {"pos_x": 45.212, "pos_y": 59.577, "rotation": 90.0, "side": "top", "designator": "L1", "mpn": null, "pack": "L_0603_1608Metric_Pad1.05x0.95mm_HandSolder", "value": "1u", "mount_type": "smt", "place": true}, {"pos_x": 39.37, "pos_y": 33.274, "rotation": 0.0, "side": "top", "designator": "R5", "mpn": null, "pack": "R_0805_2012Metric_Pad1.20x1.40mm_HandSolder", "value": "10k", "mount_type": "smt", "place": true}, {"pos_x": 39.481, "pos_y": 47.371, "rotation": 0.0, "side": "top", "designator": "R1", "mpn": null, "pack": "R_0805_2012Metric_Pad1.20x1.40mm_HandSolder", "value": "2k", "mount_type": "smt", "place": true}, {"pos_x": 39.354, "pos_y": 36.83, "rotation": 0.0, "side": "top", "designator": "R6", "mpn": null, "pack": "R_0805_2012Metric_Pad1.20x1.40mm_HandSolder", "value": "470", "mount_type": "smt", "place": true}, {"pos_x": 26.0615, "pos_y": 52.324, "rotation": 180.0, "side": "top", "designator": "C8", "mpn": null, "pack": "C_0603_1608Metric_Pad1.08x0.95mm_HandSolder", "value": "20p", "mount_type": "smt", "place": true}, {"pos_x": 3.048, "pos_y": 42.164, "rotation": 180.0, "side": "top", "designator": "RV1", "mpn": null, "pack": "Potentiometer_ACP_CA6-H2,5_Horizontal", "value": "10k", "mount_type": "tht", "place": true}, {"pos_x": 45.72, "pos_y": 69.8285, "rotation": -90.0, "side": "top", "designator": "C14", "mpn": null, "pack": "C_0805_2012Metric_Pad1.18x1.45mm_HandSolder", "value": "100p", "mount_type": "smt", "place": true}, {"pos_x": 39.354, "pos_y": 40.259, "rotation": 0.0, "side": "top", "designator": "R2", "mpn": null, "pack": "R_0805_2012Metric_Pad1.20x1.40mm_HandSolder", "value": "330", "mount_type": "smt", "place": true}, {"pos_x": 54.61, "pos_y": 59.69, "rotation": 90.0, "side": "top", "designator": "L2", "mpn": null, "pack": "L_0603_1608Metric_Pad1.05x0.95mm_HandSolder", "value": "1u", "mount_type": "smt", "place": true}, {"pos_x": 43.8415, "pos_y": 7.112, "rotation": 0.0, "side": "top", "designator": "C18", "mpn": null, "pack": "C_0603_1608Metric_Pad1.08x0.95mm_HandSolder", "value": "0.22u", "mount_type": "smt", "place": true}, {"pos_x": 39.624, "pos_y": 69.85, "rotation": 90.0, "side": "top", "designator": "C12", "mpn": null, "pack": "C_0603_1608Metric_Pad1.08x0.95mm_HandSolder", "value": "5p", "mount_type": "smt", "place": true}, {"pos_x": 39.64, "pos_y": 17.018, "rotation": 180.0, "side": "top", "designator": "R9", "mpn": null, "pack": "R_0805_2012Metric_Pad1.20x1.40mm_HandSolder", "value": "10k", "mount_type": "smt", "place": true}, {"pos_x": 21.7435, "pos_y": 52.324, "rotation": 0.0, "side": "top", "designator": "C5", "mpn": null, "pack": "C_0603_1608Metric_Pad1.08x0.95mm_HandSolder", "value": "20p", "mount_type": "smt", "place": true}, {"pos_x": 50.038, "pos_y": 59.7905, "rotation": 90.0, "side": "top", "designator": "C16", "mpn": null, "pack": "C_0603_1608Metric_Pad1.08x0.95mm_HandSolder", "value": "5p", "mount_type": "smt", "place": true}, {"pos_x": 55.88, "pos_y": -15.7, "rotation": 0.0, "side": "top", "designator": "H3", "mpn": null, "pack": "MountingHole_3.2mm_M3", "value": "MH", "mount_type": "tht", "place": true}, {"pos_x": 39.481, "pos_y": 26.162, "rotation": 180.0, "side": "top", "designator": "R3", "mpn": null, "pack": "R_0805_2012Metric_Pad1.20x1.40mm_HandSolder", "value": "680", "mount_type": "smt", "place": true}, {"pos_x": 20.1309, "pos_y": 72.898, "rotation": 0.0, "side": "top", "designator": "C4", "mpn": null, "pack": "CP_Radial_D5.0mm_P2.50mm", "value": "22u", "mount_type": "tht", "place": true}, {"pos_x": 13.97, "pos_y": 56.642, "rotation": 90.0, "side": "top", "designator": "U2", "mpn": null, "pack": "SOT-223-3_TabPin2", "value": "AMS1117CD-5.0", "mount_type": "smt", "place": true}, {"pos_x": 1.22, "pos_y": 69.85, "rotation": 0.0, "side": "top", "designator": "H1", "mpn": null, "pack": "MountingHole_3.2mm_M3", "value": "MH", "mount_type": "tht", "place": true}, {"pos_x": 45.466, "pos_y": 75.438, "rotation": 180.0, "side": "top", "designator": "J1", "mpn": null, "pack": "SMA_Samtec_SMA-J-P-X-ST-EM1_EdgeMount", "value": "LO0", "mount_type": "smt", "place": true}, {"pos_x": 31.496, "pos_y": 75.3475, "rotation": 180.0, "side": "top", "designator": "J6", "mpn": null, "pack": "SMA_Samtec_SMA-J-P-X-ST-EM1_EdgeMount", "value": "LO1", "mount_type": "smt", "place": true}, {"pos_x": 39.6455, "pos_y": 21.844, "rotation": 0.0, "side": "top", "designator": "C3", "mpn": null, "pack": "C_0805_2012Metric_Pad1.18x1.45mm_HandSolder", "value": "0.1u", "mount_type": "smt", "place": true}, {"pos_x": 55.88, "pos_y": 69.85, "rotation": 0.0, "side": "top", "designator": "H2", "mpn": null, "pack": "MountingHole_3.2mm_M3", "value": "MH", "mount_type": "tht", "place": true}, {"pos_x": 51.51, "pos_y": 38.1, "rotation": 180.0, "side": "bottom", "designator": "SW2", "mpn": null, "pack": "SW_PUSH_6mm", "value": "VOL", "mount_type": "tht", "place": true}, {"pos_x": 52.578, "pos_y": 10.541, "rotation": 180.0, "side": "bottom", "designator": "D1", "mpn": null, "pack": "LED_D3.0mm_Clear", "value": "LED", "mount_type": "tht", "place": true}, {"pos_x": 51.51, "pos_y": 47.4456, "rotation": 180.0, "side": "bottom", "designator": "SW1", "mpn": null, "pack": "SW_PUSH_6mm", "value": "FREQ", "mount_type": "tht", "place": true}, {"pos_x": 51.51, "pos_y": 20.03, "rotation": 180.0, "side": "bottom", "designator": "SW4", "mpn": null, "pack": "SW_PUSH_6mm", "value": "SCAN", "mount_type": "tht", "place": true}, {"pos_x": 51.435, "pos_y": 28.92, "rotation": 180.0, "side": "bottom", "designator": "SW3", "mpn": null, "pack": "SW_PUSH_6mm", "value": "SQL", "mount_type": "tht", "place": true}, {"pos_x": 1.651, "pos_y": 36.957, "rotation": 180.0, "side": "bottom", "designator": "J7", "mpn": null, "pack": "PinHeader_1x04_P2.54mm_Vertical", "value": "i2c", "mount_type": "tht", "place": true}, {"pos_x": 47.3, "pos_y": 3.92, "rotation": -90.0, "side": "bottom", "designator": "SW5", "mpn": null, "pack": "RotaryEncoder_Alps_EC11E-Switch_Vertical_H20mm_CircularMountingHoles", "value": "RE_Sw", "mount_type": "tht", "place": true}, {"pos_x": 46.863, "pos_y": 10.541, "rotation": 180.0, "side": "bottom", "designator": "D2", "mpn": null, "pack": "LED_D3.0mm_Clear", "value": "LED", "mount_type": "tht", "place": true}, {"pos_x": 7.62, "pos_y": 53.34, "rotation": -90.0, "side": "bottom", "designator": "DS1", "mpn": null, "pack": "WC1602A", "value": "WC1602A", "mount_type": "tht", "place": true}]